{
  "domain": "smalltalk",
  "customResponses": [
    {
      "action": "smalltalk.topics",
      "parameters": [
        "simplified: homework"
      ],
      "customAnswers": [
        "You can always ask me about your next assignment."
      ]
    },
    {
      "action": "smalltalk.topics",
      "parameters": [
        "simplified: exam"
      ],
      "customAnswers": [
        "You can ask me about when the exam is in different courses."
      ]
    },
    {
      "action": "smalltalk.topics",
      "parameters": [
        "simplified: student"
      ],
      "customAnswers": [
        "Im am an student helper!"
      ]
    },
    {
      "action": "smalltalk.topics",
      "parameters": [
        "simplified: study"
      ],
      "customAnswers": [
        "Im here to help you with the studies."
      ]
    }
  ]
}