{
  "id": "bce79d8d-0248-4621-81af-2841a85382d3",
  "name": "data_receiver",
  "isOverridable": true,
  "entries": [
    {
      "value": "contact_name",
      "synonyms": [
        "contact_name",
        "name",
        "kontaktperson",
        "fagansvarlig",
        "ansvarlig",
        "professor",
        "lærer"
      ]
    },
    {
      "value": "assessment_form",
      "synonyms": [
        "assessment_form",
        "eksamensform",
        "exam form",
        "exap type",
        "type",
        "assessment",
        "eksamenstype",
        "vurderingsform"
      ]
    },
    {
      "value": "exam_date",
      "synonyms": [
        "exam_date",
        "exam date",
        "date",
        "evaluation date",
        "exam day"
      ]
    },
    {
      "value": "contact_mail",
      "synonyms": [
        "contact_mail",
        "mail",
        "email",
        "e-mail",
        "e mail",
        "contact information",
        "contact"
      ]
    },
    {
      "value": "contact_office",
      "synonyms": [
        "contact_office",
        "office",
        "contact office",
        "professor office",
        "techer office"
      ]
    },
    {
      "value": "contact_phone",
      "synonyms": [
        "contact_phone",
        "contact phone",
        "phone",
        "mobile",
        "mobile phone",
        "telefon",
        "telephone",
        "teacher phone",
        "professor phone"
      ]
    },
    {
      "value": "contact_website",
      "synonyms": [
        "contact_website",
        "contact website",
        "website",
        "webpage",
        "web page",
        "course page",
        "course website",
        "online website"
      ]
    },
    {
      "value": "course_name",
      "synonyms": [
        "course_name",
        "course name",
        "course",
        "fagnavn",
        "name",
        "class name",
        "class"
      ]
    },
    {
      "value": "credit",
      "synonyms": [
        "credit",
        "course credit",
        "points"
      ]
    },
    {
      "value": "url",
      "synonyms": [
        "url",
        "address",
        "reference",
        "computer adress"
      ]
    },
    {
      "value": "prerequisite_knowledge",
      "synonyms": [
        "prerequisite_knowledge",
        "pre knowledge",
        "from before knowledge",
        "foreknowledge",
        "prerequisite"
      ]
    },
    {
      "value": "course_content",
      "synonyms": [
        "course_content",
        "curriculum",
        "content",
        "course content",
        "course curriculum",
        "collection",
        "assemblage",
        "innhold"
      ]
    },
    {
      "value": "course_material",
      "synonyms": [
        "course_material",
        "course material",
        "material"
      ]
    },
    {
      "value": "teaching_form",
      "synonyms": [
        "teaching_form",
        "teaching form",
        "teaching method",
        "method",
        "form"
      ]
    }
  ],
  "isEnum": false,
  "automatedExpansion": false
}