{
  "id": "5871b9dc-b481-44e4-bca0-92b6449faa93",
  "name": "prerequisite_knowledge",
  "isOverridable": true,
  "entries": [
    {
      "value": "prerequisite_knowledge",
      "synonyms": [
        "prerequisite_knowledge",
        "prerequisite",
        "knowledge",
        "pre knowledge",
        "foreknowledge",
        "forkunnskaper"
      ]
    },
    {
      "value": "prerequired knowledge",
      "synonyms": [
        "prerequired knowledge"
      ]
    }
  ],
  "isEnum": false,
  "automatedExpansion": false
}