{
  "id": "e9f016aa-720d-45b2-a54f-1c0bac6c4f1d",
  "name": "time_frame",
  "isOverridable": true,
  "entries": [
    {
      "value": "This week",
      "synonyms": [
        "This week",
        "Within this week",
        "Next 7 days",
        "Before Sunday"
      ]
    },
    {
      "value": "Next",
      "synonyms": [
        "Next",
        "First",
        "Coming up"
      ]
    },
    {
      "value": "Semester",
      "synonyms": [
        "Semester",
        "This semester"
      ]
    }
  ],
  "isEnum": false,
  "automatedExpansion": true
}